actual,naive_baseline_pred,linear_regression_pred,random_forest_pred
24.56,36.48,28.57784194887017,27.275131428571427
23.12,43.32,31.307762995539996,24.676087248677256
23.28,24.56,29.088060999930832,28.530790158730166
24.58,23.12,28.019062688039345,24.89653412698414
28.68,23.28,26.75507569651516,28.592005185185176
22.18,24.58,27.158859971857602,26.278051587301587
27.36,28.68,27.650419885757618,25.08592682539681
41.16,22.18,27.280438676771293,28.226198888888895
36.94,27.36,27.716291850942277,26.750402222222224
21.5,41.16,29.974268151386205,30.194903333333333
24.08,36.94,29.779684902349615,25.046896190476193
27.26,21.5,28.542579738739146,26.475630317460315
19.28,24.08,27.357199907610447,27.22152640211639
23.88,27.26,27.27386574791433,27.128703227513224
25.28,19.28,26.7883587820323,26.22188587301587
23.84,23.88,27.211584355192905,24.59211859066858
23.62,25.28,27.2221238830969,26.101273915343914
22.98,23.84,27.43460568024785,26.95712158730159
19.72,23.62,26.80680395098919,26.741157301587307
22.7,22.98,27.250510008311768,26.12796338624338
24.16,19.72,26.63399484221207,27.341926190476194
25.4,22.7,26.52829285098553,28.472542116402103
20.06,24.16,27.097754621799965,25.22101815295815
23.22,25.4,27.191685690205105,25.92179301587301
23.08,20.06,26.672547377982546,26.439458730158737
22.6,23.22,26.78020938153152,24.68253326118326
38.64,23.08,26.85706117479925,26.325827619047615
21.0,22.6,26.664940835544456,28.505619100529092
23.62,38.64,29.246940806720193,30.175066031746027
25.18,21.0,27.494170989777455,25.709780264550265
25.46,23.62,27.450566019736883,24.677913492063503
23.16,25.18,26.88682662947578,26.785925714285717
22.96,25.46,27.047628420321836,25.147007830687823
40.16,23.16,27.263816929116803,26.48954777777778
24.36,22.96,26.650084033934398,29.17281825396826
23.04,40.16,29.744387282383485,30.03551222222225
20.72,24.36,28.369056536031195,26.468203597883594
24.5,23.04,27.746579244569173,27.149361111111112
20.46,20.72,26.669761366051674,27.865814761904755
23.72,24.5,26.356136815341152,26.697236233766237
21.98,20.46,26.393535899223757,25.784217215007217
20.56,23.72,26.5509299226158,26.19661269841272
24.54,21.98,26.664964840166768,24.95408086580088
26.84,20.56,26.4732119280251,26.102142222222227
22.04,24.54,26.761412375773585,23.936859841269857
23.66,26.84,27.05040268649393,26.763180952380942
26.8,22.04,26.757552685185104,28.31141746031746
22.76,23.66,26.57643893709756,29.211590317460306
22.86,26.8,27.127866767516643,26.48330412698413
24.74,22.76,26.854760546233116,27.110497777777773
33.42,22.86,26.47730642794463,28.32677941798943
23.2,24.74,26.367084916408963,26.48529523809525
24.22,33.42,27.454117765635687,25.576776825396834
26.32,23.2,26.90164175266753,28.411460317460328
19.74,24.22,27.322142041171197,26.425268306878326
21.32,26.32,27.317523629274536,26.310584629629634
25.9,19.74,26.63042617468421,27.837751847041847
22.56,21.32,26.337876329759716,25.672220317460315
21.22,25.9,26.537426255266592,28.412656984126976
23.26,22.56,26.89418772037805,26.20356819624819
24.04,21.22,26.517046276401096,26.45740746031746
34.56,23.26,26.311244401404032,25.560890158730164
28.9,24.04,26.846366303220158,24.572215555555566
25.08,34.56,28.568029709201962,24.845229523809508
23.7,28.9,28.048108364963742,26.801964920634926
21.08,25.08,27.73362444089379,28.256637566137574
22.14,23.7,26.796321078477675,31.728275555555545
21.6,21.08,26.359859694892418,27.2421907936508
24.72,22.14,26.423388568035534,24.849740952380944
29.68,21.6,26.371780905107762,25.05882190957191
25.24,24.72,26.47588790049481,25.577905185185188
24.4,29.68,26.746225468609232,25.52350666666667
23.28,25.24,27.302165599375698,25.993694603174596
24.72,24.4,27.38615183887972,27.91340719576718
21.18,23.28,26.201141469363183,30.107895925925913
26.08,24.72,26.725414088833404,27.065508109668105
21.56,21.18,26.396897134769283,26.60668121693122
25.04,26.08,26.683514496260976,26.602308941798942
20.32,21.56,26.44051954826597,27.815023386243386
53.58,25.04,26.71324770200703,26.542644126984136
23.02,20.32,26.193250755179,27.4006542857143
24.82,53.58,30.691201400239343,26.30088984126983
23.26,23.02,28.132907654930854,26.16676933140932
28.88,24.82,28.021209802029766,26.32257706349207
24.5,23.26,26.284778795807135,27.743362857142856
22.52,28.88,27.17461221867608,26.36471291005291
25.3,24.5,26.870022727633273,27.42848619047619
25.26,22.52,26.6731594358971,26.04684597883598
21.76,25.3,26.696303832351553,25.782040649350645
20.3,25.26,26.68962705415063,26.170602222222225
20.64,21.76,26.613629092262812,26.5270919047619
88.24,20.3,25.981135112068163,27.20278095238096
23.3,20.64,25.860313242265484,26.174707619047627
20.78,88.24,34.64555984101939,26.733027142857125
21.16,23.3,30.226423064775588,24.671453722943724
21.86,20.78,28.832627122055452,27.607964285714285
23.96,21.16,25.52089273476414,26.006290158730145
22.4,21.86,25.851125934554858,23.742344754689768
31.14,23.96,26.13770748955062,27.495851688311692
23.98,22.4,25.882872942851883,27.754082486772496
23.54,31.14,26.791410656798973,27.85543936507936
36.2,23.98,26.734519055121464,29.801917142857157
22.44,23.54,26.777670472989435,25.026829206349202
21.34,36.2,28.382383772937544,30.693549523809523
26.1,22.44,26.989794118169463,28.158277936507936
24.1,21.34,26.360740948870596,26.559758888888883
22.1,26.1,26.621643229458133,28.67209333333334
25.46,24.1,26.17658782961017,24.417179523809523
23.18,22.1,26.230895145412298,25.708897142857147
22.68,25.46,26.564020027809377,26.072570793650776
19.88,23.18,26.139670151895082,26.088575873015877
21.66,22.68,26.17533944555357,28.1333942857143
25.82,19.88,25.651291894522966,28.043223174603153
27.5,21.66,25.553278538417928,27.038336719576733
20.84,25.82,26.26324708600683,24.877857936507937
22.62,27.5,26.652254609476095,24.785062698412688
26.42,20.84,26.057841563292513,26.164105
20.86,22.62,26.1952614519634,24.35060021645021
19.66,26.42,26.08332608678814,26.518416825396827
22.02,20.86,26.05320194421491,25.173650634920634
22.08,19.66,25.69919318028268,25.932490000000005
25.72,22.02,25.56723718465277,23.295941077441082
22.98,22.08,25.66502313270374,24.89143732082731
27.22,25.72,26.27960143342838,26.258202698412703
32.38,22.98,26.274281760867396,25.727438148148146
26.64,27.22,26.87125541094304,27.30644550264551
40.6,32.38,27.360075461294986,26.84447015873016
27.42,26.64,28.04213230998664,31.654414126984115
25.72,40.6,29.03666423207543,32.39324634920634
25.06,27.42,28.685556594617427,29.45920888888889
23.6,25.72,28.081979644714202,27.613043809523806
41.22,25.06,27.381383178942535,29.017616666666672
21.9,23.6,27.158059738262853,27.774657142857134
23.12,41.22,28.810711009246724,31.21049444444445
24.8,21.9,28.01376328991445,27.301059523809528
22.56,23.12,27.702452343740216,26.596245132275122
25.28,24.8,26.816323578318514,27.3857978835979
58.84,22.56,27.252043687357276,27.194918888888886
23.86,25.28,27.269860662061284,25.779609576719572
21.45,58.84,32.153019016655705,28.399427671957678
29.88,23.86,29.12706825380624,26.714765291005293
25.68,21.45,28.36707795960109,27.10466793650794
27.06,29.88,27.546840904513218,30.479471587301585
35.34,25.68,27.613655172521916,25.803486103896095
26.5,27.06,27.823144086204834,28.033374920634923
34.58,35.34,28.05365124041228,29.183393174603175
21.66,26.5,27.841513072628935,28.771909100529093
25.82,34.58,29.040796234614024,28.78346238095237
27.82,21.66,27.723349513277103,29.444308989898975
24.02,25.82,27.535672316115665,27.919883703703697
20.7,27.82,27.569058423604027,27.67946476190477
23.0,24.02,27.268537664239762,27.582782857142842
39.4,20.7,26.81620284514328,28.530954285714294
27.66,23.0,26.887083205023785,24.61027587301587
25.3,39.4,29.13958334848754,31.60985555555555
35.64,27.66,28.711906937336206,24.535791269841273
26.56,25.3,28.08403730038105,27.554093809523803
46.54,35.64,28.469400125784833,29.4534661904762
25.04,26.56,27.633914523964123,28.127914973544968
21.76,46.54,30.895295005364694,28.932005317460323
27.58,25.04,28.73212548437506,30.07698920634922
24.88,21.76,27.678163893281486,25.484334603174613
30.24,27.58,27.440331985283525,28.265682380952384
31.04,24.88,27.00060404400743,27.463620423280414
25.32,30.24,27.871765808836084,30.34898476190476
28.12,31.04,27.85939625370436,27.536906984126983
22.26,25.32,27.48831608676084,28.001203174603173
28.3,28.12,27.307121535739157,30.340034867724857
24.42,22.26,26.83470684176151,32.60342587301587
21.06,28.3,27.76231758673549,27.09922497354496
27.96,24.42,27.234730855074794,27.424694444444448
30.1,21.06,26.751806606003676,26.28138523809523
33.06,27.96,26.34853761631734,28.344133174603165
24.68,30.1,27.099338837275912,27.59643513227513
27.88,33.06,27.8067560330402,26.851691746031744
27.62,24.68,27.618031312611343,27.377973015873007
24.38,27.88,27.516467401046718,29.10147666666667
20.76,27.62,27.41011333471981,28.003181481481484
29.78,24.38,27.520986522100493,27.635436005291012
21.76,20.76,26.76757093074322,29.897902275132285
27.08,29.78,27.671892116780374,30.2355346031746
32.6,21.76,26.597105224346397,25.908355786435795
28.6,27.08,26.859659093170286,26.898617460317467
22.38,32.6,27.881946844810898,27.56396333333333
21.62,28.6,27.62072027618006,29.345138730158748
29.48,22.38,27.25165450363831,29.147860476190484
30.38,21.62,26.539863335072837,26.883528412698407
21.7,29.48,27.06715407764548,29.083375714285715
26.22,30.38,27.586139214126447,26.226086190476185
22.18,21.7,27.06158161983536,25.59454031746032
28.04,26.22,26.77212090121602,28.157081904761903
26.02,22.18,26.411030590866797,25.030812116402117
22.2,28.04,26.926951851161167,27.267302539682536
27.5,26.02,27.16188118156642,26.89150764790765
21.78,22.2,26.82244867681964,25.770191587301586
25.98,27.5,26.94436295314325,27.698704550264555
23.88,21.78,26.320961576611914,26.32623894179893
21.86,25.98,27.030319345187554,26.8795134920635
28.74,23.88,26.447486371553147,26.431828306878295
24.4,21.86,26.38699950136897,28.865546031746035
23.14,28.74,26.93319112044659,28.878891693121695
20.72,24.4,27.14554204333323,27.1159253968254
21.74,23.14,26.80727874903428,26.489019523809528
25.16,20.72,25.91941026104528,27.56314915343915
20.88,21.74,26.109355801382645,24.233440396825394
21.62,25.16,26.307900515263057,23.84585597883597
32.52,20.88,26.05895080261402,25.756661587301597
40.88,21.62,26.140539038808274,26.311933650793655
26.66,32.52,27.323064754897693,31.592834285714275
22.12,40.88,29.19161116704063,24.794678253968257
25.66,26.66,28.106232309400312,26.089795238095245
24.02,22.12,27.098146460210323,26.539816719576717
21.56,25.66,26.304584613556823,28.164969365079372
25.0,24.02,26.362943638559166,25.98628687830688
23.32,21.56,26.415683934630458,27.720335925925927
31.56,25.0,26.31195988577986,27.009264656084653
27.54,23.32,26.39035189237478,28.431034285714297
24.62,31.56,27.46954130867171,25.976393650793657
25.92,27.54,27.02609138915657,26.570866402116405
22.98,24.62,26.66187415355146,27.28305317460317
20.44,25.92,27.05454442438703,30.718367566137562
22.62,22.98,26.145085543229868,26.568723650793654
24.32,20.44,25.916871731652797,27.87576285714286
30.56,22.62,27.152548529944987,25.18668476190475
19.7,24.32,27.156120383274907,26.68621433862434
25.36,30.56,28.48471001138448,28.406117777777787
25.78,19.7,27.46073893248885,28.823145714285715
20.8,25.36,27.852263166322516,26.854289365079357
23.92,25.78,27.808605891126646,27.765188783068783
34.46,20.8,27.082833916912513,28.12013547619048
25.86,23.92,27.42819076149632,27.40261201058199
26.96,34.46,28.110280099667285,28.453423174603177
23.92,25.86,28.066127629711648,26.070898994709
21.06,26.96,28.468978749507855,28.141110529100516
26.84,23.92,27.608384127331117,26.19299079365079
25.28,21.06,27.026017581527846,27.309066825396833
55.04,26.84,27.093960901964515,27.584952857142852
35.92,25.28,27.619873302063638,25.825573703703693
44.48,55.04,31.463088859809243,27.766732539682536
26.26,35.92,30.142887219607918,27.8112965079365
37.28,44.48,32.07706144840749,29.387277460317467
23.0,26.26,29.364562535363795,28.847148510378506
33.3,37.28,29.14670674926822,34.335076666666666
26.9,23.0,27.949518272008422,30.801823968253988
27.9,33.3,28.541471863503308,31.312801269841287
23.08,26.9,28.364171086627746,28.027519285714284
31.33,27.9,27.867234848842717,27.155087460317443
31.6,23.08,27.374033575192904,29.076700952380943
26.72,31.33,28.14060759408013,29.636182222222214
25.46,31.6,28.077236761122492,27.78779571428571
26.28,26.72,28.20773380626066,27.262165820105825
24.34,25.46,27.704118473650045,28.714030529100533
28.12,26.28,27.664407895684697,28.525995079365075
23.84,24.34,27.368241543050633,27.131800846560846
19.74,28.12,27.45616445070845,27.155408571428563
28.56,23.84,27.4764451550662,27.422838941798947
35.46,19.74,26.884553780817626,28.39022412698414
30.36,28.56,27.23921248460979,26.455612486772484
22.18,35.46,28.18708524153365,28.83071037037037
27.48,30.36,28.70389524058618,26.930741746031753
31.14,22.18,27.80507343123244,27.43118152958153
39.96,27.48,27.381968378971088,30.267488571428572
22.88,31.14,28.02342263788207,27.492023968253967
31.27,39.96,29.5910891811302,29.474582539682554
20.96,22.88,28.16128241246816,28.041501349206357
30.14,31.27,28.296547921797725,31.391070952380968
44.76,20.96,27.16330621179572,29.797230317460315
25.72,30.14,27.924914737037692,26.559006534391532
24.26,44.76,29.958986405483763,28.911207248677258
36.34,25.72,28.771531996080114,25.316725873015884
28.76,24.26,28.00285165169994,26.73960507936508
22.76,36.34,28.62325297458476,27.89162227513226
19.86,28.76,28.159900642100528,30.455284285714285
21.12,22.76,27.74866003463515,27.98412391053391
27.84,19.86,26.679932155142218,28.93978190476191
27.32,21.12,26.354146371449442,24.72826857142856
26.16,27.84,26.71069419538027,25.840987301587294
24.54,27.32,27.213906666816612,25.476388196248184
25.58,26.16,27.529985586453826,26.00629888888889
46.68,24.54,27.15227020677957,26.326477301587307
29.54,25.58,27.1056775190523,27.91967259259258
31.66,46.68,29.15674530166165,28.39035984126983
22.46,29.54,28.98731980807785,30.409718730158723
25.84,31.66,29.038067842565297,30.85149571428572
21.52,22.46,27.425091169810365,27.953048249158254
27.94,25.84,27.011664245165694,28.14261756613755
22.54,21.52,26.611985773103147,24.90606141414142
22.28,27.94,27.334227787501703,25.534141957671956
27.46,22.54,26.80861105499199,27.75016
28.44,22.28,26.72978717318534,26.271658455988455
29.36,27.46,27.09359903354595,27.973556111111098
31.78,28.44,27.330377926229268,24.712763492063488
32.64,29.36,27.754191380925285,26.172896402116407
32.6,31.78,28.252081771040327,28.531209523809522
32.02,32.64,28.462407056960977,28.764820582010586
26.5,32.6,28.396142825029898,30.068255714285716
31.8,32.02,27.886604209241174,29.632242857142863
27.54,26.5,27.94396587929748,28.485605820105828
23.32,31.8,28.043714619812278,28.74657412698413
29.54,27.54,27.462830914416198,27.660563492063496
23.52,23.32,26.855813275491506,29.315477460317457
23.28,29.54,27.402337409257296,29.39097031746033
23.0,23.52,26.883763532681304,26.673899735449737
31.8,23.28,26.967116323108886,25.207530476190485
24.02,23.0,26.629234666867028,26.270830952380958
24.46,31.8,27.871093824732377,26.50497587301588
32.0,24.02,27.242317328447605,25.671519523809536
28.74,24.46,26.97669786747578,25.641794179894188
27.1,32.0,27.594394093008603,27.441465079365074
23.46,28.74,27.716318020112887,30.37593354497356
22.08,27.1,27.45841984656245,28.504077989417997
26.18,23.46,27.224468331342166,28.055183492063502
23.52,22.08,26.692674355732322,26.946819206349197
32.18,26.18,26.806149302159206,26.906320052910047
27.64,23.52,26.594206130854918,28.083845714285715
26.48,32.18,27.44872983124452,27.2587311111111
21.2,27.64,27.11778571137189,27.555120529100524
22.94,26.48,27.619058327384963,27.133738253968236
24.72,21.2,27.81624417158686,29.65536185185185
23.52,22.94,27.600378836163948,26.451395238095227
21.48,24.72,27.306615350823918,25.779471587301593
23.8,23.52,27.618205724893745,25.8328834920635
22.72,21.48,27.37518728529227,26.80990428571429
27.9,23.8,27.409572682502485,26.938857989417993
24.36,22.72,27.381831501520676,27.13144158730159
27.0,27.9,27.739567963422772,26.14831566137565
25.04,24.36,27.96843226597123,26.01922751322751
21.8,27.0,28.35411149462779,25.39214079365079
48.18,25.04,28.108126654379227,27.509646031746016
32.22,21.8,27.623646062697407,25.96144952380952
22.58,48.18,30.65017370593032,29.98005
24.02,32.22,29.734751160583375,27.3868780952381
29.74,22.58,28.87452685424033,30.954828730158738
29.8,24.02,27.900343472746847,28.67090571428571
24.7,29.74,28.235432853889897,27.206473015873016
24.46,29.8,28.26106832611398,28.209588253968263
23.6,24.7,28.383652895572137,29.422774761904765
75.24,24.46,27.834417106878995,28.22062790764791
24.04,23.6,27.33430094762984,27.837868571428565
26.28,75.24,34.727965235695095,28.589487301587287
28.42,24.04,30.561073498676336,27.28285534391535
56.88,26.28,29.921578921700394,30.827904285714286
27.62,28.42,27.500543142483078,29.812665642135652
21.38,56.88,32.070931455398984,30.24282142857143
28.4,27.62,30.204109693042714,28.623522857142852
23.76,21.38,28.72336968359558,28.07451492063492
26.28,28.4,27.78156585352194,32.33393788359787
27.5,23.76,27.518477769921294,26.307527662337666
31.74,26.28,27.648886719344215,26.336117619047627
29.2,27.5,27.93005247732306,28.1973437902838
28.82,31.74,28.517275009615048,27.019801111111114
26.74,29.2,28.577318930983118,30.8435033862434
24.4,28.82,28.28223578298318,29.11031370370371
26.16,26.74,27.573308375113058,30.00677634920636
34.56,24.4,27.52235692498121,29.656359206349208
32.96,26.16,27.36705367428916,28.08501031746031
23.22,34.56,28.139538126541208,29.991366719576714
29.5,32.96,29.095845352708352,29.53324365079364
36.14,23.22,28.322408041144598,28.43516281385282
34.8,29.5,28.124499977491883,31.909684603174593
31.2,36.14,28.883009591347758,30.462547936507946
30.4,34.8,29.31997491056621,29.685185820105836
39.98,31.2,29.195085547102433,29.352981428571432
24.1,30.4,28.916088995016228,31.423353589743584
25.18,39.98,29.772796855048455,33.845205132275126
29.78,24.1,28.483250274190883,29.428351409331412
25.3,25.18,28.14056081318389,27.418569841269854
33.82,29.78,27.842701929402203,28.72219126984126
24.9,25.3,27.716045366977877,27.678551904761918
28.32,33.82,28.22069068584621,28.281640317460322
25.98,24.9,27.946021104857763,26.85000031746032
23.48,28.32,28.03472433585056,29.777714550264566
28.72,25.98,27.51769312451328,29.009691111111128
32.42,23.48,27.27286470247747,25.871751746031745
40.18,28.72,27.44277222105476,28.753846349206366
31.44,32.42,28.228497885910866,27.986462751322748
22.74,40.18,30.23788165596305,26.668782010582017
32.8,31.44,29.05010938063372,29.212411746031762
34.14,22.74,28.042413792188132,29.100334562474558
29.02,32.8,28.281743407823576,32.109218253968244
28.3,34.14,28.363142798035025,28.367703174603168
26.18,29.02,27.968324348541536,26.684771587301576
31.0,28.3,28.04317506450523,30.100967883597885
22.58,26.18,27.60441136843367,28.69763952380953
32.52,31.0,28.338157584692212,27.127463809523814
31.88,22.58,27.30239511934152,27.489778306878307
23.24,32.52,28.23143864157073,32.17952382395382
27.78,31.88,28.319149824318256,28.166416243386248
31.82,23.24,27.665680657588105,27.963433968253952
41.76,27.78,27.664515792954283,30.080074708994694
41.66,31.82,28.00353564180662,28.499782328042322
29.4,41.76,29.590125569915536,28.114701746031756
27.98,41.66,30.05404056895663,30.415667301587284
24.02,29.4,29.132855648467434,30.998943862433844
36.82,27.98,28.385951558606138,30.331275820105816
28.78,24.02,27.08001532824217,31.71689264550263
24.22,36.82,28.149943693704614,30.363789365079345
23.72,28.78,28.188922093817904,28.606213015873013
24.62,24.22,27.69221191801674,28.246415767195778
29.46,23.72,27.901469699428503,31.744048888888884
22.86,24.62,27.85465933573618,27.151646031746036
24.5,29.46,28.5139440644598,28.526168148148166
31.74,22.86,28.051401467014717,29.102528783068774
49.56,24.5,28.350304571275778,26.099266666666672
25.22,31.74,28.729733115224157,27.4668784992785
24.22,49.56,32.18087496544832,27.25052698412698
23.62,25.22,29.922076196287847,30.274659259259256
31.62,24.22,29.147814511153452,28.33430994708995
24.02,23.62,27.710090863092866,27.88701206349206
29.94,31.62,28.374404962373724,29.638288888888887
29.74,24.02,28.283096962183492,29.940329999999996
27.86,29.94,28.956156467752646,26.740140211640213
31.06,29.74,28.77218984726753,29.625818710918722
38.04,27.86,28.829634876556963,29.01597396825397
29.16,31.06,28.7383295967826,30.155965079365092
30.54,38.04,30.445880927190288,29.707554603174582
30.74,29.16,29.110461427561596,32.59837714285712
31.58,30.54,29.29786547892313,32.59296952380951
29.4,30.74,29.101404251976657,30.74620349206347
44.8,31.58,29.459030130756496,28.260537301587306
30.5,29.4,29.04571450553395,30.941914444444446
33.82,44.8,31.171256080377713,31.41133285714285
28.16,30.5,29.956075358629136,33.10400936507934
27.26,33.82,29.81354794454162,34.64802904761904
29.52,28.16,29.169266121169247,29.473099153439154
26.42,27.26,28.737355060437377,29.666380370370376
23.36,29.52,28.764995407707282,30.217510476190498
40.18,26.42,28.27601127971122,27.49592941798941
28.96,23.36,27.888250773836052,27.655519708994714
35.24,40.18,29.779694010362117,31.994950793650812
33.16,28.96,29.43775802051259,27.111901058201056
35.08,35.24,29.909905983783105,27.173247522847525
31.28,33.16,29.58142912867337,30.420505820105827
31.28,35.08,29.831107117062597,30.251480158730168
30.34,31.28,29.49743380170638,32.76888201058201
24.8,31.28,28.782158655788415,34.14700216931215
29.32,30.34,28.917800617999685,32.15782142857141
31.38,24.8,28.292909080009018,29.522473650793653
35.5,29.32,28.589156465382395,29.33295
41.68,31.38,28.722282003646715,27.8776406878307
33.6,35.5,29.713298549853747,31.118020634920654
27.86,41.68,30.240234838318447,32.22771735449735
25.38,33.6,30.0929977559913,31.694405238095218
29.52,27.86,29.12567515963144,30.527869153439152
39.88,25.38,28.451912938697397,27.15101941798942
31.9,29.52,28.42011656124024,29.081335396825384
35.06,39.88,30.03181875059181,28.112566031746034
30.32,31.9,29.606527252011162,28.68243666666668
35.6,35.06,29.96317710655125,29.967452698412703
26.18,30.32,28.98144833385941,31.540649841269847
29.22,35.6,30.04224831718864,32.82349698412697
25.96,26.18,28.5175151532182,29.076462592592602
32.66,29.22,28.831049828757724,27.897632804232817
34.3,25.96,27.85357980783424,28.547042751322756
33.98,32.66,28.754522492352322,29.928662857142882
27.62,34.3,29.47105989278142,28.312125396825394
31.86,33.98,29.449270179328536,29.061962222222235
24.5,27.62,28.70811111799605,30.12469947089945
26.4,31.86,28.730526465026475,30.513221269841274
25.12,24.5,27.857176334136184,30.141402910052907
27.12,26.4,28.042357403034032,27.07923576719577
29.08,25.12,27.80611477423866,26.870510740740748
28.68,27.12,27.923092929765886,27.349170740740732
25.26,29.08,28.08841509741879,28.57779581529581
36.98,28.68,28.487749118813735,27.7881407936508
43.62,25.26,27.92322100928633,27.544286507936516
33.34,36.98,29.224925542367853,28.674136854256844
32.44,43.62,30.76655212850509,31.597075185185187
32.72,33.34,30.39639173374742,28.49594611832612
35.86,32.44,29.4582064936682,31.619706560846545
22.88,32.72,29.538893603068896,28.842884232804245
25.1,35.86,29.147334004585737,32.82374079365079
34.5,22.88,27.91996587014028,28.86135042328042
26.9,25.1,27.608454414253647,28.505519206349206
24.96,34.5,28.591955539239905,27.31611878306879
26.26,26.9,28.14119231232207,26.333340317460305
26.48,24.96,28.01856165313505,28.250160317460324
29.8,26.26,27.690530943919285,27.974403333333328
31.68,26.48,27.517447250574932,27.43878730158729
34.9,29.8,27.925428989069914,28.10097402116402
29.22,31.68,28.880929403276678,29.040789153439153
23.62,34.9,29.272702433051265,30.610982698412695
32.88,29.22,28.402149245285557,30.008247936507924
33.44,23.62,28.013757683181115,29.101737883597895
26.72,32.88,28.147837029435053,33.82465761904763
24.54,33.44,28.721326341367757,29.445025925925936
25.74,26.72,28.35340686363695,27.87699613756614
27.82,24.54,27.687113250291652,29.31899994708996
25.94,25.74,27.4021007385214,28.34101698412698
28.26,27.82,27.726762287903917,29.37167619047618
33.8,25.94,27.790543709988942,27.115091269841276
24.94,28.26,27.823150647941066,26.71623560846561
31.7,33.8,28.561150656648003,27.683726084656083
26.26,24.94,28.07909580786232,29.21885784992787
22.4,31.7,29.09845076600208,27.568552433862422
35.1,26.26,28.271764500074873,29.712657301587285
41.56,22.4,27.988990325106457,29.251367513227517
25.9,35.1,28.974607996823664,31.953603015873007
32.46,41.56,30.616264768961997,28.923487619047624
28.64,25.9,29.61820795112886,27.725431428571422
24.5,32.46,29.424216169209135,32.34170126984125
29.32,28.64,28.785288654153746,29.012437989417982
31.08,24.5,28.23514750386449,27.48350253968254
24.32,29.32,28.517149519149807,30.039483650793645
26.96,31.08,28.51224060676275,28.750921216931207
37.02,24.32,28.03113844909456,30.60077063492064
30.48,26.96,27.996244951341833,28.622972592592586
29.22,37.02,29.133466147598185,31.21413269841268
19.67,30.48,29.32937519936368,35.11885597883598
32.16,29.22,28.753535998784805,29.003071269841264
30.22,19.67,27.420221049670925,28.85404716690716
31.08,32.16,28.051554643890093,31.216043015873026
33.66,30.22,28.58292581375499,26.276497566137557
26.5,31.08,28.8195660934903,27.02868825396826
29.27,33.66,29.222245637475947,29.620387089947084
37.7,26.5,28.72254965388111,29.8929811111111
40.8,29.27,28.322570465563857,30.536159365079353
28.76,37.7,29.262061319831957,29.93167071669072
25.98,40.8,30.544366079064105,30.811121587301574
24.36,28.76,29.612882237791936,29.72890253968253
39.92,25.98,28.330863990621673,29.947984126984124
35.56,24.36,27.648118515651422,29.2295326984127
32.74,39.92,29.313559603757284,28.381765502645514
34.28,35.56,29.87916049932397,28.412803968253975
31.84,32.74,29.313187031363697,34.37701555555557
30.38,34.28,29.577839639198345,32.23087851851852
30.36,31.84,29.20893732856174,32.32603835978834
22.32,30.38,28.738652234965375,34.23844322751322
41.74,30.36,28.578320024361485,33.26551555555554
32.02,22.32,27.67338376534636,27.990761293891282
28.68,41.74,29.53624935175587,32.8243116931217
26.38,32.02,29.193294684171548,26.857432539682538
24.26,28.68,28.817799660467387,26.06157428571428
31.84,26.38,27.73219544986302,29.83278952380952
33.84,24.26,27.450041671914143,33.06883582010582
26.46,31.84,28.41187399755392,28.845530808080813
31.22,33.84,28.696841179769606,29.124987619047623
35.98,26.46,28.32394434737339,30.30053291005289
29.48,31.22,27.914839460925123,32.00715158730159
29.98,35.98,29.1597054600452,31.521110476190472
29.82,29.48,29.239358230086452,30.151846594516602
28.86,29.98,28.63730651811166,31.434897883597877
24.6,29.82,28.46969096745559,30.200015132275155
28.72,28.86,28.18431014772851,29.297673386243375
23.72,24.6,27.785035965181812,27.517961587301567
25.8,28.72,27.767671723037154,29.462253597883592
31.8,23.72,27.42355398280111,28.06023952380953
26.48,25.8,27.368188723164707,26.414048253968257
32.28,31.8,27.84929766398068,28.61513818181819
24.98,26.48,27.875499314090572,26.1446419047619
28.76,32.28,28.368514006997778,29.061697883597876
27.86,24.98,27.73852756149505,27.806937910052905
28.98,28.76,28.01499747381055,28.13876333333334
21.66,27.86,28.01338992097749,29.343555661375667
30.36,28.98,28.21736436352681,28.020785026455037
27.68,21.66,27.312792317885393,28.057059547859534
26.9,30.36,27.543162858352762,31.05765476190476
26.42,27.68,27.474724274697003,26.71175539682538
26.53,26.9,27.646849986463835,27.44491154401155
30.46,26.42,27.784899075915952,28.895452804232814
28.06,26.53,27.165841533121448,27.44827685425686
28.96,30.46,27.6681537222627,29.252607301587293
28.4,28.06,28.009673498151635,28.430783174603178
38.14,28.96,27.82774419836105,29.156084973544978
27.9,28.4,27.940981274340853,28.706531851851857
27.16,38.14,28.973591219771354,28.74859555555556
27.48,27.9,28.330966249886398,29.3504331216931
27.6,27.16,28.029127958043397,28.669535079365076
27.38,27.48,27.58734065346159,29.738465079365064
27.5,27.6,27.57066132159121,28.244179682539688
25.0,27.38,27.789008138606995,27.8368761904762
30.0,27.5,27.51918162223875,29.00977333333335
25.86,25.0,27.023023766861563,28.645404761904775
34.7,30.0,27.4205790649464,28.898187619047604
25.02,25.86,27.490971616570313,27.816533015873024
28.2,34.7,28.74849008638834,30.325361058201064
29.48,25.02,27.93560554115686,28.380575978835985
29.92,28.2,27.714503322701116,28.167306046176055
40.4,29.48,27.73230183462457,28.670695396825376
30.2,29.92,27.775993699709428,29.184433650793647
27.64,40.4,29.249554277595557,30.99881412698412
23.94,30.2,28.197027498676423,31.959631746031743
24.7,27.64,27.82405557191326,29.436449682539692
21.02,23.94,27.372221706045327,30.31292063492063
39.68,24.7,26.8251410334387,29.29634772486771
25.34,21.02,26.538993708733237,25.683041481481478
30.84,39.68,28.36609785663245,26.640873809523804
34.3,25.34,28.609917153394434,25.249551957671944
23.16,30.84,29.041789906034236,28.46854619047619
28.5,34.3,29.042145544107143,30.443960317460327
32.46,23.16,28.526169289888607,27.770902698412694
25.98,28.5,28.69017929109966,30.224582751322743
35.38,32.46,29.458726783342662,31.971717671957673
26.72,25.98,28.64554466538555,28.086682804232794
35.5,35.38,29.56012095970178,31.001877089947065
27.3,26.72,28.93810478379562,29.497160476190473
29.5,35.5,29.542552942284633,33.28684063492063
36.76,27.3,29.041107621536902,30.05648285714286
27.02,29.5,28.893257641437597,32.46201303030302
30.58,36.76,29.68062416416248,32.05214634920634
30.26,27.02,29.147057764795033,30.624832962962966
38.48,30.58,28.89254481183846,33.11706968253965
25.98,30.26,28.89759250489569,30.807508677248663
30.62,38.48,29.608021187681455,29.81176666666665
30.52,25.98,28.84034882375505,31.598248412698418
24.12,30.62,29.287371785941698,28.493355396825404
33.6,30.52,28.993530906743253,28.759733333333333
23.78,24.12,28.47202055565548,28.70613603174604
24.0,33.6,28.756274726678207,33.179319523809525
23.88,23.78,28.149040425061546,28.205713015873027
27.02,24.0,28.226893710620203,27.217428783068772
28.68,23.88,27.629664487266332,26.369956455026447
25.16,27.02,27.86398863076558,27.8017225925926
24.76,28.68,28.304387907956524,29.42391078884081
32.12,25.16,28.136719688533336,27.335545238095243
26.82,24.76,27.915964261785362,30.31186888888888
31.68,32.12,28.756612272555202,28.21567788359788
27.98,26.82,28.350385255603236,26.93843634920636
26.28,31.68,29.024989614446284,28.48341874458875
32.84,27.98,28.671943570589978,30.20983015873016
30.78,26.28,28.04039292940923,28.78476925925926
29.1,32.84,29.06740651316044,28.960109999999997
28.18,30.78,28.98665345511118,30.10399111111111
38.12,29.1,28.73064056029929,32.0047661904762
27.96,28.18,28.708587780402375,30.198714920634938
26.02,38.12,29.41115530402796,29.829748465608464
28.14,27.96,29.106329464552825,30.962023333333335
29.6,26.02,28.36051395637826,29.28318354497355
28.52,28.14,27.74578837355554,30.109799841269833
31.52,29.6,28.439192816722915,30.802196719576706
30.32,28.52,28.5747410301281,27.640162275132266
28.44,31.52,28.515183326698526,29.853947037037027
28.28,30.32,28.514832823713913,30.80648708994709
27.24,28.44,28.216334292847577,29.753363121693134
26.16,28.28,28.334665650060675,30.132293862433873
31.2,27.24,27.765459696553428,29.352620634920648
29.8,26.16,27.881759921634888,29.438754920634935
39.58,31.2,28.300060668189772,29.1777075132275
41.08,29.8,28.527954882680984,30.053314444444446
28.16,39.58,29.50261528491115,31.556922962962968
30.37,41.08,30.002372363586666,31.464152910052913
31.4,28.16,29.475214641684126,30.565877460317456
28.58,30.37,29.053902321609993,30.62586809523811
28.58,31.4,28.16464224278351,31.051252486772487
33.0,28.58,28.467196028262723,28.774785661375663
30.18,28.58,28.344090572548893,29.506979841269857
28.02,33.0,28.82620909510475,31.28972545454544
26.3,30.18,28.514662216771914,30.150874867724877
24.12,28.02,28.2163111013462,29.52447955266955
39.56,26.3,27.935568368157735,30.385849206349214
25.38,24.12,27.715604331882325,28.54831936507937
32.98,39.56,29.133608432988,29.79266253968253
26.14,25.38,28.23608764169688,27.198444444444448
24.58,32.98,29.045182512784663,29.994305396825407
27.56,26.14,27.980366942695927,31.219844338624334
24.02,24.58,27.76300782288348,28.23490222222223
31.36,27.56,27.433885714762795,28.8869107936508
20.92,24.02,27.372932081787347,28.463943544973542
25.82,31.36,27.958017083059513,27.48710841269841
34.9,20.92,27.188761842245526,27.857390476190492
26.54,25.82,27.447037616412036,26.661484761904763
26.24,34.9,28.48483488727284,27.581330370370367
30.2,26.54,28.302384530542792,25.24375169312169
35.0,26.24,28.083587032091334,27.99927746031747
29.68,30.2,27.977620133400944,28.89253999999999
30.62,35.0,28.439050839720014,29.925839639249624
20.34,29.68,28.55066464010682,32.60136191438193
29.06,30.62,28.47362750808872,29.48517888888888
27.92,20.34,27.297842798966823,28.00462190476189
49.68,29.06,27.62654172964409,29.53462497354498
25.56,27.92,27.68518078957784,27.199657830687833
37.8,49.68,30.056697218212626,25.90801534391536
26.4,25.56,28.97513102538773,29.254994126984116
34.68,37.8,29.835267139662,30.59836671957672
26.1,26.4,27.96921445150969,29.184172433862447
35.84,34.68,27.63120273511693,29.973402010582006
34.98,26.1,27.93878520566159,28.85308888888888
26.4,35.84,28.61735969781855,32.5296641269841
30.58,34.98,28.47686502775104,30.959676666666674
23.6,26.4,28.52076660877273,29.838075238095236
24.5,30.58,28.105526130464924,31.083184126984126
28.54,23.6,26.980981602081794,34.471505079365095
31.5,24.5,27.416447556694738,28.70010507936507
22.38,28.54,27.380547241113938,27.64418931216931
30.66,31.5,28.44414065939939,27.65667343915345
22.86,22.38,27.226712964151275,32.60287793650793
39.94,30.66,28.166541357809074,30.124540846560848
23.24,22.86,26.612965803923757,29.238287460317455
35.82,39.94,29.571919364158703,26.225557460317457
24.9,23.24,27.733156786286564,28.160002539682537
26.06,35.82,28.76473058735663,28.52654920634921
32.5,24.9,27.470072834766206,27.860976878306882
37.16,26.06,27.914845613607866,27.101934761904758
23.7,32.5,27.537024096350972,28.57497380952382
27.92,37.16,29.032384746234676,27.597760476190462
30.52,23.7,27.858949961567184,30.96168984126986
29.76,27.92,27.458318581024965,32.16814063492064
32.04,30.52,27.197193388699112,27.449945608465605
29.54,29.76,27.82812832707704,28.26376809523809
33.56,32.04,28.248145575211495,30.004092698412702
38.54,29.54,27.732532065474718,30.84659751322751
36.48,33.56,27.884737846052204,30.936689206349218
25.66,38.54,28.63821668294565,33.03524841269841
21.46,36.48,28.991586611972505,31.35928793650793
35.5,25.66,28.341731747612975,30.66054047619049
31.65,21.46,27.14722204538613,28.523058571428567
28.42,35.5,27.701636031936104,34.50976936507936
35.52,31.65,28.199865039190307,27.21839619047617
31.86,28.42,27.95020009926934,26.729508412698408
27.96,35.52,28.496374447157223,35.309512645502636
33.4,31.86,28.050435125471086,29.92560592592592
27.6,27.96,28.02590922543464,29.474457407407403
28.78,33.4,28.124452685065187,33.18308984126985
31.2,27.6,27.62485493849452,29.210497724867732
27.26,28.78,28.00578570100865,28.076995873015857
25.88,31.2,27.499188615463616,28.37149481481482
39.54,27.26,27.268895198724792,28.84787492063492
31.14,25.88,27.30122892354321,27.718735661375668
30.18,39.54,28.65107748352311,32.18936042328044
24.92,31.14,28.698974052548074,30.338032380952377
20.84,30.18,28.700362896331406,28.369119365079364
25.28,24.92,27.42052213195504,28.651852857142863
62.06,20.84,26.725622323291596,29.299586531986527
20.68,25.28,26.689782302830736,29.014916507936523
28.88,62.06,32.221382066778965,29.95024518518518
26.86,20.68,28.74691171349052,27.897777142857134
29.44,28.88,28.65788651146054,28.38996873015873
35.86,26.86,26.940790945826297,29.69224042328043
29.86,29.44,27.622993028011482,26.274236984126976
34.8,35.86,28.31564851914485,28.74834476190478
28.36,29.86,28.479612100975455,29.269587142857137
30.78,34.8,28.4985759479786,30.59053412698415
22.36,28.36,27.99997894310141,30.268171197691203
37.9,30.78,27.881885504613585,29.411794338624343
28.44,22.36,27.00178151586708,28.25658682539682
21.4,37.9,28.59399118463009,31.58531714285713
30.36,28.44,27.90939063690248,27.420181507936505
25.9,21.4,27.05000827976284,26.464608742368746
29.16,30.36,26.926758773412907,32.453878730158735
33.0,25.9,26.666406894775708,25.586813121693122
32.14,29.16,27.415260930457606,25.647366349206354
31.76,33.0,27.66813135794783,28.288567619047615
33.92,32.14,28.30408407612381,28.258479417989413
24.84,31.76,28.05602206090337,29.01006317460317
24.84,33.92,27.470951126591252,30.788779523809517
22.34,24.84,27.191615951376395,29.044144603174608
26.68,24.84,26.828512102958914,27.71121391534391
24.82,22.34,26.284385509412964,25.44847920634921
27.32,26.68,26.473529107849682,26.16658349206348
22.18,24.82,26.403253030218163,27.13034761904763
27.96,27.32,26.79607566487437,28.165493809523813
30.32,22.18,26.473235031529928,26.819984444444454
40.02,27.96,26.66526652400229,26.441463492063495
34.28,30.32,27.201087618029554,27.72147841269841
26.56,40.02,29.08517690835467,25.871217380952388
23.9,34.28,28.77115380715471,28.72509661375662
33.44,26.56,27.871341543895408,29.250348412698415
27.64,23.9,26.798370836553428,28.375997460317453
31.04,33.44,27.48460001124412,29.234599629629642
26.68,27.64,26.919918707861733,26.190117566137577
26.78,31.04,27.43493996246677,29.2255492063492
26.48,26.68,26.92616740581437,29.264664444444456
23.32,26.78,27.11417378230989,27.96988714285714
24.3,26.48,26.157639533100994,30.384996402116407
29.1,23.32,26.519406972801093,28.51793873015872
26.71,24.3,26.38485978264653,26.87787825396825
25.16,29.1,26.667092392245962,26.121602857142854
39.88,26.71,26.692441488980187,25.878535343915345
22.52,25.16,26.748846893980932,27.1529452910053
43.96,39.88,27.304112866166,29.298226349206356
53.54,22.52,27.267584602035733,26.386408831168826
28.28,43.96,29.631606318985334,28.779444206349194
22.3,53.54,31.28116540806117,31.583615555555546
25.06,28.28,28.87300078778476,26.76398968253969
27.42,22.3,27.353412042540448,29.57875603174604
41.56,25.06,26.117774371475882,27.941146455026445
34.0,27.42,26.383876701203366,26.114646031746027
38.2,41.56,28.974329327951317,27.02466793650794
24.8,34.0,28.21191784596096,28.598084920634918
23.26,38.2,29.949628919783006,33.48585841269841
51.82,24.8,28.426926562691094,29.923464603174615
20.54,23.26,27.74683911490431,28.334769947089942
23.44,51.82,31.546721904958247,30.30377587301588
34.38,20.54,28.40337561748887,27.493637619047615
32.92,23.44,28.287798940285935,24.32544693121692
28.02,34.38,27.926281286113134,30.11950285714285
28.42,32.92,28.941160545481893,26.780287301587315
44.68,28.02,28.713760184872047,29.378546878306885
25.24,28.42,27.99692168604622,32.58609523809523
22.34,44.68,29.405221477652358,29.48357936507935
30.46,25.24,28.685218470291666,27.856684708994713
27.06,22.34,27.967671062986838,26.994966666666667
34.54,30.46,27.496647007891372,29.455568994708997
32.4,27.06,27.67360821363301,26.86071116402117
28.92,34.54,28.810234082288023,27.408467777777776
30.38,32.4,28.70189285816762,28.672891851851855
28.84,28.92,28.571344657809462,28.982522486772506
23.0,30.38,28.376536979263076,33.25787666666667
23.3,28.84,27.711892132104236,30.803813386243384
28.8,23.0,27.44531460289075,29.545496825396853
26.8,23.3,26.752456399496626,30.7761938095238
39.32,28.8,27.323594860867402,26.522993809523825
27.98,26.8,27.784151207605206,25.28216253968253
27.24,39.32,29.23212178122523,27.02916555555555
24.0,27.98,28.191622780238234,28.681934603174607
26.42,27.24,28.435772132085276,30.350242857142852
26.08,24.0,27.07338997104647,30.63259603174603
40.78,26.42,27.414880334607112,27.20065814814814
36.8,26.08,27.437241986469804,27.90906317460318
29.24,40.78,29.20065941178973,32.714028201058206
